Name,Discount_percentage,Price,Rating,Release,Ends,Started,Jogos Gratis
Half-Life 2,-100%,"R$ 0,00",96.39%,11/2004,in 3 days,1 hour ago,free
Left 4 Dead 2,-80%,"R$ 6,60",96.74%,11/2009,in 3 days,yesterday,
Isonzo,-67%,"R$ 29,36",81.07%,09/2022,in 12 days,yesterday,
Millennia,-50%,"R$ 84,99",67.10%,03/2024,in 11 days,3 days ago,
Sea Power : Naval Combat in the Missile Age,-10%,"R$ 121,49",81.63%,11/2024,in 11 days,4 days ago,
Mouthwashing,-10%,"R$ 37,79",94.27%,09/2024,in 3 days,4 days ago,
STORY OF SEASONS: Friends of Mineral Town,-75%,"R$ 23,49",90.72%,07/2020,in 4 days,10 days ago,
Red Orchestra 2: Heroes of Stalingrad with Rising Storm,-90%,"R$ 4,99",90.61%,09/2011,in 3 days,4 days ago,
Wall World,-70%,"R$ 5,09",89.06%,04/2023,in 7 days,7 days ago,
Anger Foot,-30%,"R$ 51,79",88.88%,07/2024,in 3 days,11 days ago,
Rune Factory 3 Special,-60%,"R$ 55,99",88.67%,09/2023,in 4 days,10 days ago,
Assemble with Care,-70%,"R$ 7,94",88.14%,03/2020,in 14 days,5 hours ago,
Grounded,-50%,"R$ 98,86",87.75%,09/2022,in 3 days,5 hours ago,
Crime Scene Cleaner,-20%,"R$ 44,79",94.75%,08/2024,in 12 days,2 days ago,
LIZARDS MUST DIE,-50%,"R$ 3,49",94.59%,09/2023,in 3 days,11 days ago,
Stacklands,-40%,"R$ 15,89",94.31%,04/2022,in 12 days,2 days ago,
Aokana - Four Rhythms Across the Blue - EXTRA2,-27%,"R$ 54,01",94.28%,12/2022,in 3 days,4 days ago,
A Space for the Unbound,-40%,"R$ 35,99",93.96%,01/2023,in 12 days,2 days ago,
Epiphyllum in Love,-40%,"R$ 7,20",93.82%,03/2020,in 3 days,4 days ago,
Total War: MEDIEVAL II ‚Äì Definitive Edition,-75%,"R$ 21,24",93.72%,11/2006,in 3 days,4 days ago,
Winter Memories,-20%,"R$ 30,39",93.70%,01/2024,in 11 days,yesterday,
Frog Detective 3: Corruption at Cowboy County,-45%,"R$ 9,34",93.66%,10/2022,in 3 days,4 days ago,
Loddlenaut,-50%,"R$ 27,49",93.59%,11/2023,in 6 days,yesterday,
Game Dev Tycoon,-75%,"R$ 7,49",93.49%,08/2013,in 4 days,10 days ago,
PlateUp!,-66%,"R$ 20,39",93.05%,08/2022,in 10 days,4 days ago,
Against the Storm,-50%,"R$ 34,99",92.92%,12/2023,in 8 days,6 days ago,
Snufkin: Melody of Moominvalley,-20%,"R$ 47,99",92.85%,03/2024,in 3 days,11 days ago,
Cobalt Core,-25%,"R$ 44,99",92.55%,11/2023,in 5 days,2 days ago,
Pentiment,-50%,"R$ 49,50",92.05%,11/2022,in 3 days,5 hours ago,
Corpse Party: Sweet Sachiko's Hysteric Birthday Bash,-60%,"R$ 15,19",81.06%,04/2019,in 4 days,10 days ago,
SENRAN KAGURA Reflexions,-70%,"R$ 6,20",80.86%,06/2019,in 4 days,10 days ago,
Fairy Bloom Freesia,-60%,"R$ 6,39",80.70%,10/2012,in 4 days,10 days ago,
Total War: ATTILA,-75%,"R$ 28,24",80.59%,02/2015,in 3 days,4 days ago,
It Lurks Below,-55%,"R$ 17,09",80.54%,05/2019,in 19 hours,6 days ago,
No More Heroes 3,-65%,"R$ 37,79",79.39%,10/2022,in 4 days,10 days ago,
Kandagawa Jet Girls,-70%,"R$ 22,64",79.20%,08/2020,in 4 days,10 days ago,
Necroking,-33%,"R$ 11,38",79.08%,09/2024,in 9 days,5 days ago,
DeathSprint 66,-33%,"R$ 49,57",78.36%,09/2024,in 10 days,4 days ago,
Ship Graveyard Simulator 2,-38%,"R$ 45,87",78.28%,08/2023,in 5 days,yesterday,
SENRAN KAGURA Peach Beach Splash,-70%,"R$ 17,39",78.05%,03/2018,in 4 days,10 days ago,
Norland,-35%,"R$ 45,49",77.86%,07/2024,in 12 days,yesterday,
Song Of The Prairie,-30%,"R$ 41,99",77.65%,08/2024,in 5 days,9 days ago,
Songs of Silence,-25%,"R$ 43,49",77.41%,11/2024,in 12 days,2 days ago,
Gamedec - Definitive Edition,-70%,"R$ 26,69",77.40%,09/2021,in 12 days,2 days ago,
"Warhammer 40,000: Inquisitor - Prophecy",-80%,"R$ 14,79",76.91%,07/2019,in 11 days,3 days ago,
STAR WARS‚Ñ¢ Knights of the Old Republic‚Ñ¢ II - The Sith Lords‚Ñ¢,-65%,"R$ 11,54",91.52%,02/2005,in 3 days,5 hours ago,
Wingspan,-50%,"R$ 29,99",91.51%,09/2020,in 12 days,2 days ago,
FIND ALL 4: Magic,-26%,"R$ 5,17",91.48%,09/2023,in 7 days,6 days ago,
Creaks,-75%,"R$ 13,74",91.41%,07/2020,in 3 days,11 days ago,
Behind the Frame: The Finest Scenery,-40%,"R$ 25,19",91.41%,08/2021,in 6 days,yesterday,
Necesse,-35%,"R$ 30,54",91.38%,12/2019,in 3 days,11 days ago,
Sledders,-20%,"R$ 59,19",91.38%,12/2023,in 5 days,2 days ago,
"Cook, Serve, Delicious!",-80%,"R$ 3,99",91.23%,10/2013,in 3 days,4 days ago,
Meg's Monster,-15%,"R$ 39,94",91.22%,03/2023,in 5 days,2 days ago,
Kinkoi: Golden Time,-37%,"R$ 56,06",91.18%,07/2022,in 3 days,4 days ago,
Gaokao.Love.100Days,-40%,"R$ 17,40",91.14%,05/2015,in 3 days,4 days ago,
Tiny Snow,-40%,"R$ 7,20",91.13%,02/2019,in 3 days,4 days ago,
Zenge,-50%,"R$ 3,49",91.09%,04/2016,in 3 days,4 days ago,
Card Survival: Tropical Island,-50%,"R$ 23,74",91.06%,09/2022,in 7 days,6 hours ago,
Hamidashi Creative,-30%,"R$ 62,29",91.06%,09/2022,in 3 days,4 days ago,
The Darkside Detective,-55%,"R$ 21,14",91.05%,07/2017,in 6 days,yesterday,
Garden of the Sea (VR),-5%,"R$ 56,98",87.73%,01/2022,‚Äî,yesterday,
Little Mouse's Encyclopedia,-75%,"R$ 2,72",87.71%,02/2019,in 3 days,4 days ago,
100 hidden snails 2,-80%,"R$ 2,09",87.70%,02/2021,in 3 days,4 days ago,
OPUS: Rocket of Whispers,-50%,"R$ 23,49",87.67%,02/2018,in 4 days,10 days ago,
Ethereal Enigma,-75%,"R$ 14,99",87.66%,08/2020,in 3 days,4 days ago,
Tom Clancy's Rainbow Six¬Æ 3 Gold,-75%,"R$ 7,49",87.66%,03/2003,in 2 days,12 days ago,
Á∫ØÁà±Áã¨ÁôΩÔºöÂ∞èÂ∞è Purelove Monologue: Xiaoxiao,-30%,"R$ 11,89",87.65%,03/2024,in 3 days,8 days ago,
A Juggler's Tale,-80%,"R$ 10,99",87.59%,09/2021,in 3 days,11 days ago,
ODDADA,-20%,"R$ 26,39",87.58%,08/2024,in 11 days,3 days ago,
Pyrene,-15%,"R$ 39,94",87.56%,09/2024,in 5 days,2 days ago,
Sweet Shine,-26%,"R$ 14,57",87.51%,08/2021,in 18 hours,13 days ago,
MEMOLOGY: GOYDA,-70%,"R$ 2,09",87.48%,05/2024,in 12 days,yesterday,
LunarLux,-52%,"R$ 29,89",87.47%,09/2023,in 11 days,3 days ago,
Oh...Sir!! The Insult Simulator,-60%,"R$ 2,79",87.46%,10/2016,in 5 days,2 days ago,
Grow Up,-75%,"R$ 7,49",87.45%,08/2016,in 2 days,12 days ago,
OXXO,-50%,"R$ 3,49",87.44%,08/2019,in 3 days,4 days ago,
Hadean Tactics,-40%,"R$ 26,99",85.71%,08/2023,in 5 days,2 days ago,
Project Hospital,-50%,"R$ 35,00",85.70%,10/2018,in 3 days,4 days ago,
"Cook, Serve, Delicious! 2!!",-80%,"R$ 5,19",85.59%,09/2017,in 3 days,4 days ago,
Solasta: Crown of the Magister,-70%,"R$ 26,69",85.59%,05/2021,in 3 days,4 days ago,
Lost Lands: The Four Horsemen Collector's Edition,-50%,"R$ 16,49",85.56%,07/2015,in 3 days,4 days ago,
Worms Ultimate Mayhem,-80%,"R$ 6,39",85.55%,09/2011,in 12 days,2 days ago,
Coffee flavor of love ÂíñÂï°ÁîúÊÅã,-45%,"R$ 4,77",85.55%,02/2021,in 3 days,4 days ago,
Castle on the Coast,-30%,"R$ 43,73",85.50%,12/2021,‚Äî,5 hours ago,
√ât√©,-20%,"R$ 51,99",85.50%,07/2024,in 6 days,yesterday,
Unlock The Cat,-50%,"R$ 3,49",85.47%,03/2021,in 3 days,11 days ago,
UBERMOSH,-90%,"R$ 1,74",85.46%,08/2015,in 12 days,2 days ago,
Nordic Ashes: Survivors of Ragnarok,-25%,"R$ 20,25",85.46%,04/2024,in 9 days,5 hours ago,
The Rise of the Golden Idol,-10%,"R$ 53,99",85.44%,11/2024,in 4 days,3 days ago,
Dream Tactics,-30%,"R$ 38,49",85.42%,04/2024,in 12 days,2 days ago,
Driver¬Æ Parallel Lines,-75%,"R$ 7,49",85.40%,06/2007,in 2 days,12 days ago,
Banner of the Maid,-80%,"R$ 11,99",85.35%,05/2019,in 3 days,4 days ago,
AI War 2,-75%,"R$ 14,99",84.08%,10/2019,in 3 days,4 days ago,
Long Gone Days,-30%,"R$ 51,79",84.05%,10/2023,in 5 days,2 days ago,
ÈïúËä±È•¥ÊÉÖ Mirage Sugar Acacia,-25%,"R$ 7,86",84.04%,04/2024,in 3 days,8 days ago,
Old Man's Journey,-50%,"R$ 13,24",84.01%,05/2017,in 3 days,4 days ago,
Project Cappuccino,-25%,"R$ 35,24",83.99%,11/2019,in 3 days,4 days ago,
Worms Reloaded,-80%,"R$ 20,98",83.98%,08/2010,in 12 days,2 days ago,
Adventure Time: Pirates of the Enchiridion,-60%,"R$ 18,99",83.98%,07/2018,in 2 days,7 days ago,
Animal Shelter,-60%,"R$ 23,99",83.97%,03/2022,in 8 days,6 days ago,
Tsuro - The Game of The Path,-50%,"R$ 9,99",83.97%,10/2020,in 5 days,2 days ago,
Cat Cafe Manager,-60%,"R$ 23,99",83.96%,04/2022,in 11 days,3 days ago,
Late Shift,-53%,"R$ 22,08",83.96%,04/2017,in 5 days,9 days ago,
Êó•Êó•Â§úÂ§ú,-50%,"R$ 4,34",83.95%,10/2020,in 3 days,8 days ago,
Witchtastic,-35%,"R$ 22,74",83.94%,10/2021,in 3 days,4 days ago,
Temple Of Snek,-50%,"R$ 12,44",83.93%,02/2023,in 3 days,4 days ago,
Monster Energy Supercross - The Official Videogame 3,-90%,"R$ 12,45",83.89%,02/2020,in 3 days,4 days ago,
Regiments,-25%,"R$ 43,49",83.89%,08/2022,in 4 days,3 days ago,
Wildmender,-33%,"R$ 60,29",82.77%,09/2023,in 6 days,yesterday,
Far Cry¬Æ 4,-80%,"R$ 17,99",82.76%,11/2014,in 2 days,5 days ago,
Atelier Marie Remake: The Alchemist of Salburg,-40%,"R$ 149,40",82.75%,07/2023,in 12 days,2 days ago,
Basements n' Basilisks: Storms of Sorcery,-35%,"R$ 6,81",82.73%,02/2023,in 3 days,4 days ago,
Atelier Escha & Logy: Alchemists of the Dusk Sky DX,-50%,"R$ 99,50",82.72%,01/2020,in 12 days,2 days ago,
Greedland,-11%,"R$ 34,87",82.72%,08/2023,‚Äî,2 days ago,
Endless Fables 2: Frozen Path,-75%,"R$ 7,24",82.71%,11/2017,in 11 days,3 days ago,
Angry Putin,-10%,"R$ 2,06",82.66%,02/2021,in 5 days,9 days ago,
Lolita Expedition,-25%,"R$ 23,54",82.64%,01/2022,in 3 days,4 days ago,
Zorbus,-30%,"R$ 14,34",82.63%,09/2022,in 5 days,9 days ago,
Instant Farmer - Logic Puzzle,-30%,"R$ 4,89",82.63%,02/2021,in 5 days,9 days ago,
Of Life and Land,-25%,"R$ 55,49",82.62%,04/2024,in 11 days,3 days ago,
Adorable Girls,-70%,"R$ 2,09",82.61%,02/2021,in 12 days,yesterday,
Rising Hell,-50%,"R$ 16,49",82.61%,05/2021,in 12 days,2 days ago,
Adverse Effects,-35%,"R$ 11,04",82.61%,11/2023,in 7 days,5 hours ago,
MHRD,-20%,"R$ 15,99",82.61%,01/2017,in 3 days,4 days ago,
CHUCHEL,-80%,"R$ 4,99",81.15%,03/2018,in 3 days,11 days ago,
Rage in Peace,-80%,"R$ 8,39",81.15%,11/2018,in 12 days,2 days ago,
Trainee Death Simulator,-10%,"R$ 18,44",81.15%,11/2024,in 11 days,3 days ago,
Sir Whoopass‚Ñ¢: Immortal Death,-50%,"R$ 16,49",81.14%,08/2022,in 8 days,6 days ago,
Clock Simulator,-80%,"R$ 2,75",81.11%,07/2016,in 3 days,4 days ago,
Remember Me,-80%,"R$ 9,99",81.11%,06/2013,in 6 days,8 days ago,
Starship EVO,-40%,"R$ 35,99",81.10%,06/2020,in 19 hours,3 days ago,
Master of Love,-20%,"R$ 28,63",81.09%,09/2024,in 12 days,3 days ago,
Solo leeching~35-Year-Old Magician Journey,-20%,"R$ 28,63",81.03%,06/2024,in 3 days,4 days ago,
Funny Truck,-50%,"R$ 1,74",81.00%,07/2021,in 4 days,10 days ago,
Demon Hunter 5: Ascendance,-70%,"R$ 8,69",80.98%,04/2019,in 11 days,3 days ago,
Everafter Falls,-15%,"R$ 32,29",80.98%,06/2024,in 6 days,yesterday,
Chameleon Run Deluxe Edition,-80%,"R$ 4,09",80.97%,08/2019,in 10 days,4 days ago,
Mortal Glory 2,-25%,"R$ 28,86",80.94%,03/2024,in 5 days,2 days ago,
ËåâËéâ‰πãÂ§è Jasmine Summer,-30%,"R$ 10,14",80.90%,12/2018,in 12 days,2 days ago,
Bean Stalker,-90%,"R$ 3,79",80.88%,06/2022,in 5 days,2 days ago,
Druidstone: The Secret of the Menhir Forest,-82%,"R$ 8,54",79.50%,05/2019,in 3 days,4 days ago,
Sore wa Maichiru Sakura no You ni -Re:BIRTH-,-30%,"R$ 75,59",79.50%,06/2024,in 4 days,6 days ago,
Blue Wednesday,-60%,"R$ 19,99",79.49%,08/2023,in 3 days,4 days ago,
Explorer of Yggdrasil,-50%,"R$ 18,99",79.43%,03/2021,in 11 days,yesterday,
Goosebumps: The Game,-90%,"R$ 2,06",79.41%,10/2015,in 6 days,8 days ago,
Rytmik Studio,-70%,"R$ 26,69",79.40%,11/2017,in 10 days,4 days ago,
Star Vikings Forever,-80%,"R$ 6,59",79.39%,10/2016,in 6 days,yesterday,
Noelle Does Her Best!,-20%,"R$ 30,39",79.34%,08/2022,in 11 days,yesterday,
HunterX,-50%,"R$ 14,49",79.33%,04/2022,in 5 days,9 days ago,
Telepath Tactics Liberated,-50%,"R$ 23,74",79.33%,03/2022,in 11 days,3 days ago,
Reigns: Her Majesty,-50%,"R$ 5,24",79.32%,12/2017,in 5 days,2 days ago,
ÂÆåÁæéÊÅã‰∫∫~fragile love,-15%,"R$ 8,91",79.32%,08/2024,in 11 days,3 days ago,
Attack of the Earthlings,-80%,"R$ 5,70",79.31%,02/2018,in 5 days,2 days ago,
Gladiator Guild Manager,-50%,"R$ 23,49",79.31%,06/2024,in 6 days,9 days ago,
Chevalier Historie,-40%,"R$ 22,79",79.30%,02/2022,in 11 days,yesterday,
Fantasy of Caocao 2,-30%,"R$ 20,99",79.29%,11/2023,in 2 days,9 days ago,
Indoorlands,-60%,"R$ 23,19",77.86%,10/2022,in 3 days,4 days ago,
TrackMania¬≤ Canyon,-50%,"R$ 29,99",77.85%,09/2011,in 2 days,12 days ago,
Strategic Command: American Civil War,-60%,"R$ 58,26",77.84%,07/2022,in 3 days,4 days ago,
Aurora Nights,-20%,"R$ 1,75",77.83%,05/2016,in 3 days,4 days ago,
Airline Tycoon Deluxe,-80%,"R$ 6,59",77.80%,08/1998,in 3 days,4 days ago,
Shadowhand: RPG Card Game,-75%,"R$ 11,74",77.80%,12/2017,in 5 days,9 days ago,
Factory Outlet Simulator,-25%,"R$ 26,24",77.80%,09/2024,in 8 days,6 days ago,
Dexodonex,-90%,"R$ 1,74",77.79%,12/2016,in 4 days,10 days ago,
Tank Warfare: Tunisia 1943,-80%,"R$ 14,59",77.75%,05/2017,in 6 days,3 hours ago,
Immortal Life,-40%,"R$ 27,60",77.73%,01/2024,in 5 days,2 days ago,
The Imperial Gatekeeper,-25%,"R$ 20,16",77.73%,09/2022,in 11 days,yesterday,
Asterigos: Curse of the Stars,-20%,"R$ 106,59",77.70%,10/2022,‚Äî,2 days ago,
MILF HUNTER,-72%,"R$ 1,95",77.68%,04/2022,in 3 days,4 days ago,
STRIDER‚Ñ¢ / „Çπ„Éà„É©„Ç§„ÉÄ„ÉºÈ£õÁ´ú¬Æ,-70%,"R$ 7,49",77.68%,02/2014,in 6 days,8 days ago,
Prison City,-20%,"R$ 15,99",77.68%,08/2023,in 3 days,4 days ago,
Menace from the Deep,-15%,"R$ 44,61",77.68%,11/2024,in 3 days,5 days ago,
Rhythm Fighter,-45%,"R$ 15,94",76.42%,05/2020,in 3 days,4 days ago,
Alex Kidd in Miracle World DX,-44%,"R$ 32,44",76.42%,06/2021,‚Äî,4 days ago,
Teenage Mutant Ninja Turtles: Splintered Fate,-10%,"R$ 58,49",76.41%,11/2024,in 3 days,9 days ago,
Byte Family,-90%,"R$ 1,74",76.38%,10/2016,in 4 days,10 days ago,
TrackMania¬≤ Valley,-50%,"R$ 29,99",76.37%,07/2013,in 2 days,12 days ago,
Combo Card Clashers,-25%,"R$ 28,86",76.36%,05/2024,in 4 days,10 days ago,
Tenderfoot Tactics,-67%,"R$ 15,50",76.33%,10/2020,in 5 days,2 days ago,
Northmark: Hour of the Wolf,-70%,"R$ 9,89",76.32%,08/2014,in 3 days,4 days ago,
Nebuchadnezzar,-50%,"R$ 18,99",76.29%,02/2021,in 3 days,4 days ago,
Ultra Space Battle Brawl,-85%,"R$ 4,94",76.28%,10/2018,in 12 days,2 days ago,
Kunoichi Botan,-60%,"R$ 11,59",76.26%,01/2019,in 11 days,yesterday,
Vigilantes,-60%,"R$ 11,59",76.26%,10/2018,in 10 days,4 days ago,
The World's Egg - For Those Who Dream,-20%,"R$ 33,59",76.26%,03/2024,in 11 days,yesterday,
Taboos: Cracks,-50%,"R$ 1,74",76.25%,05/2019,in 7 days,8 days ago,
Uncharted Tides: Port Royal,-70%,"R$ 14,09",76.17%,08/2019,in 11 days,3 days ago,
Moon Hunters,-90%,"R$ 4,69",76.16%,03/2016,in 6 days,yesterday,
Dead In Vinland,-80%,"R$ 11,99",74.78%,04/2018,in 5 days,2 days ago,
Lost Eidolons: Veil of the Witch,-20%,"R$ 55,99",74.77%,11/2024,in 3 days,10 days ago,
Tavern of Gods,-48%,"R$ 14,04",74.76%,08/2021,in 3 days,4 days ago,
Shera and the Three Treasures,-40%,"R$ 17,39",74.75%,12/2019,in 11 days,yesterday,
Helmetman,-70%,"R$ 17,99",74.74%,03/2023,in 12 days,2 days ago,
Demolish & Build 2017,-90%,"R$ 3,69",74.73%,10/2016,in 12 days,2 days ago,
Karma City Police,-67%,"R$ 8,21",74.72%,12/2021,in 11 days,3 days ago,
City of Beats,-70%,"R$ 17,99",74.68%,05/2023,in 11 days,3 days ago,
Silica,-44%,"R$ 44,78",74.67%,05/2023,in 3 days,4 days ago,
Second Front,-25%,"R$ 76,49",74.66%,01/2023,in 4 days,3 days ago,
Age of Gladiators,-70%,"R$ 5,99",74.65%,02/2016,in 3 days,4 days ago,
Family Mysteries 3: Criminal Mindset,-70%,"R$ 8,69",74.64%,07/2020,in 11 days,3 days ago,
Techtonica,-34%,"R$ 58,73",74.64%,11/2024,in 3 days,8 days ago,
"Kingdom, Dungeon, and Hero",-20%,"R$ 71,19",74.64%,07/2024,in 5 days,2 days ago,
SEX with HITLER: WW2,-45%,"R$ 7,58",74.60%,03/2023,in 5 days,9 days ago,
Dead Drop,-90%,"R$ 1,74",74.56%,04/2017,in 4 days,10 days ago,
Gelu,-90%,"R$ 1,74",73.03%,07/2017,in 11 days,3 days ago,
Fairy Biography2ÔºöConfidante,-25%,"R$ 10,11",73.02%,11/2022,in 18 hours,6 days ago,
Dungeon Rats,-60%,"R$ 10,59",73.01%,11/2016,in 3 days,4 days ago,
Classified: France '44,-45%,"R$ 70,95",73.00%,03/2024,in 12 days,2 days ago,
Tiny Tales: Heart of the Forest,-70%,"R$ 14,09",72.98%,07/2017,in 11 days,3 days ago,
Tetropunk,-90%,"R$ 1,74",72.96%,12/2017,in 4 days,10 days ago,
Yummy Girl,-40%,"R$ 2,09",72.95%,05/2021,in 3 days,4 days ago,
NEOMORPH,-22%,"R$ 2,72",72.95%,01/2020,in 3 days,4 days ago,
Food Girls - Bubbles' Drink Stand,-30%,"R$ 19,52",72.90%,07/2022,in 3 days,4 days ago,
DEAD OR ALIVE 6,-80%,"R$ 59,80",72.86%,03/2019,in 12 days,2 days ago,
Path of Kung Fu,-10%,"R$ 42,29",72.84%,09/2024,in 18 hours,13 days ago,
MagicShop3D,-20%,"R$ 13,59",72.83%,06/2022,in 5 days,9 days ago,
Supreme Ruler 2020 Gold,-70%,"R$ 5,99",72.79%,06/2008,in 3 days,4 days ago,
Lust Galaxy ü™ê üîû,-30%,"R$ 23,09",72.79%,08/2024,in 5 days,9 days ago,
Family Mysteries: Poisonous Promises,-80%,"R$ 9,39",72.75%,03/2020,in 11 days,3 days ago,
PERFECT ANGLE: The puzzle game based on optical illusions,-70%,"R$ 5,99",72.75%,12/2015,in 3 days,4 days ago,
Druid,-63%,"R$ 2,58",71.08%,01/2017,in 10 days,4 days ago,
Black Geyser: Couriers of Darkness,-50%,"R$ 28,99",71.08%,03/2022,in 3 days,4 days ago,
Keep in Mind: Remastered,-60%,"R$ 2,79",71.07%,03/2018,in 6 days,yesterday,
Sandwalkers,-48%,"R$ 38,98",71.07%,06/2024,in 5 days,2 days ago,
Kamikaze Kommittee Ouka 2,-30%,"R$ 20,29",71.04%,02/2022,in 11 days,yesterday,
My Stepsis is a Furry Futa Fox,-33%,"R$ 2,33",71.02%,10/2022,in 3 days,4 days ago,
Mad Smartphone Tycoon,-30%,"R$ 26,94",70.98%,09/2024,in 12 days,2 days ago,
UFO: Aftershock,-80%,"R$ 2,75",70.89%,10/2005,in 3 days,4 days ago,
XCOM¬Æ: Chimera Squad,-85%,"R$ 14,85",70.84%,04/2020,in 6 days,8 days ago,
HumanitZ,-30%,"R$ 41,99",70.83%,09/2023,in 11 days,3 days ago,
This Grand Life,-30%,"R$ 26,94",70.76%,04/2018,in 3 days,4 days ago,
Underground Garage,-20%,"R$ 59,19",70.75%,11/2024,in 6 days,8 days ago,
Romopolis,-80%,"R$ 3,39",70.74%,03/2009,in 3 days,4 days ago,
Zombie Bar Simulator,-25%,"R$ 28,49",70.69%,02/2021,in 3 days,4 days ago,
WWE 2K24,-61%,"R$ 248,76",70.63%,03/2024,‚Äî,6 hours ago,
Citystate II,-60%,"R$ 19,60",70.60%,09/2021,in 3 days,8 days ago,
Êó†‰ºë‰ªôÈÄî,-17%,"R$ 17,00",68.94%,07/2024,in 5 days,9 days ago,
Wild Indigo Ranch,-50%,"R$ 29,99",68.91%,09/2024,in 3 days,11 days ago,
iFAction Game Maker,-49%,"R$ 65,27",68.90%,01/2020,in 10 days,4 days ago,
Himeko Sutori,-50%,"R$ 28,99",68.86%,01/2021,in 3 days,4 days ago,
Z Dawn,-75%,"R$ 5,17",68.85%,12/2019,in 3 days,4 days ago,
Mato Anomalies,-60%,"R$ 30,00",68.76%,03/2023,in 5 days,9 days ago,
My Stepsis is a Futanari,-33%,"R$ 2,33",68.75%,10/2021,in 3 days,4 days ago,
Automachef,-85%,"R$ 11,98",68.74%,07/2019,in 3 days,11 days ago,
Time Lock VR 1,-29%,"R$ 7,72",68.74%,08/2017,‚Äî,yesterday,
aMAZE Double,-72%,"R$ 1,95",68.73%,11/2017,in 14 days,6 hours ago,
ÂõûÈó® Way Back Home,-50%,"R$ 11,75",68.73%,01/2021,in 5 days,2 days ago,
For The King II,-40%,"R$ 44,99",68.73%,11/2023,in 12 days,2 days ago,
Recipe for Disaster,-73%,"R$ 12,68",68.72%,08/2022,in 3 days,4 days ago,
Escape from Fortress Lugohm,-60%,"R$ 8,27",68.72%,08/2019,in 11 days,yesterday,
TRANSFORMERS: BATTLEGROUNDS,-60%,"R$ 18,99",68.71%,10/2020,in 2 days,7 days ago,
The Divine Invasion,-7%,"R$ 42,90",68.71%,08/2020,‚Äî,5 hours ago,
Eldrea: SEX Saga üîû,-35%,"R$ 21,44",66.17%,09/2024,in 5 days,9 days ago,
Angry Squirrel,-50%,"R$ 1,74",66.16%,04/2021,in 11 days,3 days ago,
Dude Simulator 3,-86%,"R$ 2,37",66.12%,08/2019,in 7 days,7 days ago,
WARCANA,-32%,"R$ 61,19",66.07%,08/2024,‚Äî,11 days ago,
Hamilton's Great Adventure,-90%,"R$ 3,29",66.02%,05/2011,in 11 days,3 days ago,
Escape from the hospital,-72%,"R$ 1,95",66.01%,05/2020,in 12 days,5 hours ago,
Leviathan ~A Survival RPG~,-75%,"R$ 5,17",65.99%,11/2018,in 11 days,yesterday,
Memento Mori 2,-80%,"R$ 13,99",65.98%,05/2014,in 3 days,4 days ago,
Viticulture Essential Edition,-60%,"R$ 11,59",65.97%,07/2020,in 5 days,2 days ago,
Trials Fusion‚Ñ¢,-75%,"R$ 14,99",65.96%,04/2014,in 2 days,12 days ago,
Food Truck Simulator,-45%,"R$ 20,89",65.95%,09/2022,in 10 days,4 days ago,
Inquisitor,-66%,"R$ 11,21",65.90%,09/2012,in 10 days,4 days ago,
The Dragoness: Command of the Flame,-60%,"R$ 23,99",65.87%,09/2022,in 5 days,2 days ago,
Unalive,-90%,"R$ 1,74",65.84%,01/2017,in 4 days,10 days ago,
Fat Prisoner Simulator 2,-50%,"R$ 1,74",65.81%,06/2019,in 7 days,7 days ago,
Demented,-90%,"R$ 1,74",65.80%,03/2016,in 4 days,10 days ago,
Fruit Arranger,-50%,"R$ 1,74",62.30%,01/2017,in 12 days,2 days ago,
Horny Fantasy Girl Hentai,-31%,"R$ 2,40",62.28%,05/2021,in 14 days,5 hours ago,
"Fairy Tale About Father Frost, Ivan and Nastya",-80%,"R$ 2,39",62.26%,12/2000,in 3 days,4 days ago,
Spinch,-65%,"R$ 16,44",62.21%,09/2020,in 6 days,yesterday,
Big Buck Hunter Arcade,-90%,"R$ 1,99",62.20%,10/2016,in 6 days,8 days ago,
Black Legend,-50%,"R$ 18,99",62.19%,03/2021,in 3 days,4 days ago,
Lovelorn sanatorium‚Ö†,-37%,"R$ 16,68",62.06%,11/2022,in 7 days,8 days ago,
–ü–û–°–õ–ï–î–ù–ò–ô –î–ï–ù–¨ –í –£–†–Æ–ü–ò–ù–°–ö–ï,-70%,"R$ 2,09",62.05%,12/2021,in 7 days,7 days ago,
Queen's Quest: Tower of Darkness,-80%,"R$ 9,39",61.96%,09/2015,in 11 days,3 days ago,
OnlyFap: Fitness Baby üîûüí¶,-55%,"R$ 6,52",61.95%,12/2022,in 5 days,9 days ago,
Zoeti,-25%,"R$ 44,99",61.91%,04/2023,in 5 days,2 days ago,
ÁêâÈöê,-70%,"R$ 5,57",61.87%,12/2021,in 3 days,4 days ago,
Demon Hunter 4: Riddles of Light,-70%,"R$ 8,69",61.82%,02/2018,in 11 days,3 days ago,
Tidalis,-75%,"R$ 4,24",61.81%,07/2010,in 3 days,4 days ago,
Demon Hunter: Chronicles from Beyond,-80%,"R$ 9,39",61.80%,12/2014,in 11 days,3 days ago,
Magna Fortuna,-50%,"R$ 14,49",61.80%,03/2022,in 11 days,yesterday,
Bitcoin Collector,-24%,"R$ 6,38",56.15%,09/2017,‚Äî,5 hours ago,
OnlyFap Simulator üí¶,-56%,"R$ 6,37",56.14%,02/2022,in 5 days,9 days ago,
Take On Helicopters,-80%,"R$ 9,99",55.90%,10/2011,in 3 days,4 days ago,
"MovieMator Video Editor Pro - Movie Maker, Video Editing Software",-50%,"R$ 14,49",55.78%,12/2018,in 12 days,2 days ago,
Desert Child,-65%,"R$ 13,47",55.74%,12/2018,in 6 days,yesterday,
Puzzle Kingdoms,-80%,"R$ 5,59",55.57%,04/2009,in 3 days,11 days ago,
NBA 2K25,-61%,"R$ 248,76",55.55%,10/2024,‚Äî,17 hours ago,
Bang Bang Fruit,-50%,"R$ 1,74",55.52%,02/2017,in 3 days,11 days ago,
Princess Isabella: The Rise of an Heir,-75%,"R$ 11,74",55.38%,05/2016,in 11 days,3 days ago,
Naughty College 18+,-50%,"R$ 16,49",55.29%,07/2023,in 5 days,9 days ago,
Wordle 5,-50%,"R$ 1,74",55.21%,10/2022,in 6 days,8 days ago,
Wild Romance,-69%,"R$ 8,36",55.18%,10/2016,in 7 days,8 days ago,
Comanche,-75%,"R$ 11,24",55.15%,08/2021,in 3 days,4 days ago,
Ageless,-80%,"R$ 15,98",54.97%,07/2020,in 3 days,11 days ago,
Sky Battles,-90%,"R$ 1,74",54.90%,03/2015,in 4 days,10 days ago,
Fetish Room 18+,-35%,"R$ 30,54",54.90%,04/2024,in 5 days,9 days ago,
Skyward Collapse,-75%,"R$ 4,24",46.42%,05/2013,in 5 days,2 days ago,
Strategic War in Europe,-88%,"R$ 2,45",46.16%,03/2014,in 3 days,4 days ago,
Don't Cheat On Me,-65%,"R$ 5,80",46.12%,01/2021,in 6 days,8 days ago,
Rise of the Ancients,-90%,"R$ 1,74",45.88%,05/2016,in 11 days,3 days ago,
Colonize,-50%,"R$ 24,99",45.47%,02/2024,in 3 days,4 days ago,
Time Mysteries: Inheritance - Remastered,-75%,"R$ 11,74",45.05%,10/2014,in 11 days,3 days ago,
Raywin,-90%,"R$ 1,74",45.01%,07/2015,in 4 days,10 days ago,
Silent Hunter 5¬Æ: Battle of the Atlantic,-75%,"R$ 7,49",45.01%,03/2010,in 2 days,12 days ago,
ADventure Lib,-50%,"R$ 3,49",44.49%,08/2015,in 3 days,4 days ago,
Ê∑±Êµ∑ÔºöÂç≥ÂàªÊäâÊã©,-60%,"R$ 4,95",44.24%,03/2020,in 3 days,11 days ago,
The Life of One Dog,-50%,"R$ 1,74",43.75%,10/2018,in 4 days,10 days ago,
Gold Hunter,-20%,"R$ 59,19",43.05%,05/2022,in 2 days,12 days ago,
Vapour,-6%,"R$ 14,59",42.75%,07/2015,‚Äî,4 days ago,
ValhallaÔºöAwakening of Valkyrie,-50%,"R$ 8,29",42.40%,09/2022,in 7 days,8 days ago,
Kitchen Simulator 2015,-50%,"R$ 1,74",42.24%,09/2015,in 3 days,4 days ago,
Super Meat Shooter,-50%,"R$ 1,74",41.59%,11/2017,in 3 days,4 days ago,
